{
  "experiment": "scaling_N",
  "config": {
    "game": "leduc",
    "cfr_iterations": 1000,
    "model_sizes": [
      "tiny",
      "xs",
      "s",
      "m",
      "l",
      "xl"
    ],
    "seeds": [
      42,
      123,
      456
    ],
    "epochs": 100,
    "batch_size": 32,
    "learning_rate": 0.001,
    "early_stopping_patience": 15,
    "output_dir": "results/scaling_N"
  },
  "metadata": {
    "game": "leduc",
    "dataset_size": 288,
    "exploitability": -0.0023950092459932293,
    "cfv_scale": 2.159552574157715,
    "input_dim": 32,
    "num_actions": 3
  },
  "results": {
    "tiny": {
      "num_params": 1635,
      "test_loss_mean": 0.04514425744613012,
      "test_loss_std": 0.009922534322605744,
      "test_loss_all": [
        0.031900692731142044,
        0.04774845018982887,
        0.055783629417419434
      ],
      "seeds": [
        42,
        123,
        456
      ]
    },
    "xs": {
      "num_params": 4291,
      "test_loss_mean": 0.027973059564828873,
      "test_loss_std": 0.002912899061010889,
      "test_loss_all": [
        0.026677656918764114,
        0.025234181433916092,
        0.03200734034180641
      ],
      "seeds": [
        42,
        123,
        456
      ]
    },
    "s": {
      "num_params": 12675,
      "test_loss_mean": 0.03201383911073208,
      "test_loss_std": 0.005362042469589338,
      "test_loss_all": [
        0.028813350945711136,
        0.03956764563918114,
        0.027660520747303963
      ],
      "seeds": [
        42,
        123,
        456
      ]
    },
    "m": {
      "num_params": 49795,
      "test_loss_mean": 0.022983397046724956,
      "test_loss_std": 0.001014426806152135,
      "test_loss_all": [
        0.023072073236107826,
        0.021699020639061928,
        0.02417909726500511
      ],
      "seeds": [
        42,
        123,
        456
      ]
    },
    "l": {
      "num_params": 181507,
      "test_loss_mean": 0.02704029344022274,
      "test_loss_std": 0.0027643226502307226,
      "test_loss_all": [
        0.02367032878100872,
        0.030441295355558395,
        0.027009256184101105
      ],
      "seeds": [
        42,
        123,
        456
      ]
    },
    "xl": {
      "num_params": 723203,
      "test_loss_mean": 0.02317243752380212,
      "test_loss_std": 0.0010743552434252397,
      "test_loss_all": [
        0.021735582500696182,
        0.023463144898414612,
        0.02431858517229557
      ],
      "seeds": [
        42,
        123,
        456
      ]
    }
  },
  "raw_results": [
    {
      "model_size": "tiny",
      "seed": 42,
      "num_params": 1635,
      "best_val_loss": 0.024203142151236534,
      "test_loss": 0.031900692731142044,
      "test_mae": 0.13573403656482697,
      "best_epoch": 28,
      "training_time": 0.20100092887878418
    },
    {
      "model_size": "tiny",
      "seed": 123,
      "num_params": 1635,
      "best_val_loss": 0.029166286811232567,
      "test_loss": 0.04774845018982887,
      "test_mae": 0.16211466491222382,
      "best_epoch": 43,
      "training_time": 0.2563471794128418
    },
    {
      "model_size": "tiny",
      "seed": 456,
      "num_params": 1635,
      "best_val_loss": 0.018946712836623192,
      "test_loss": 0.055783629417419434,
      "test_mae": 0.18085834383964539,
      "best_epoch": 9,
      "training_time": 0.10688281059265137
    },
    {
      "model_size": "xs",
      "seed": 42,
      "num_params": 4291,
      "best_val_loss": 0.030409108847379684,
      "test_loss": 0.026677656918764114,
      "test_mae": 0.11754093319177628,
      "best_epoch": 41,
      "training_time": 0.2497568130493164
    },
    {
      "model_size": "xs",
      "seed": 123,
      "num_params": 4291,
      "best_val_loss": 0.02612924389541149,
      "test_loss": 0.025234181433916092,
      "test_mae": 0.11510785669088364,
      "best_epoch": 34,
      "training_time": 0.21431183815002441
    },
    {
      "model_size": "xs",
      "seed": 456,
      "num_params": 4291,
      "best_val_loss": 0.01945330575108528,
      "test_loss": 0.03200734034180641,
      "test_mae": 0.1307947039604187,
      "best_epoch": 27,
      "training_time": 0.18786001205444336
    },
    {
      "model_size": "s",
      "seed": 42,
      "num_params": 12675,
      "best_val_loss": 0.025733141228556633,
      "test_loss": 0.028813350945711136,
      "test_mae": 0.1190004050731659,
      "best_epoch": 28,
      "training_time": 0.23870015144348145
    },
    {
      "model_size": "s",
      "seed": 123,
      "num_params": 12675,
      "best_val_loss": 0.027118565514683723,
      "test_loss": 0.03956764563918114,
      "test_mae": 0.15875457227230072,
      "best_epoch": 3,
      "training_time": 0.09664583206176758
    },
    {
      "model_size": "s",
      "seed": 456,
      "num_params": 12675,
      "best_val_loss": 0.022484945133328438,
      "test_loss": 0.027660520747303963,
      "test_mae": 0.11711981892585754,
      "best_epoch": 28,
      "training_time": 0.23545598983764648
    },
    {
      "model_size": "m",
      "seed": 42,
      "num_params": 49795,
      "best_val_loss": 0.03669534996151924,
      "test_loss": 0.023072073236107826,
      "test_mae": 0.10769029706716537,
      "best_epoch": 6,
      "training_time": 0.13719606399536133
    },
    {
      "model_size": "m",
      "seed": 123,
      "num_params": 49795,
      "best_val_loss": 0.01805105432868004,
      "test_loss": 0.021699020639061928,
      "test_mae": 0.10353141278028488,
      "best_epoch": 12,
      "training_time": 0.17745614051818848
    },
    {
      "model_size": "m",
      "seed": 456,
      "num_params": 49795,
      "best_val_loss": 0.017325077205896378,
      "test_loss": 0.02417909726500511,
      "test_mae": 0.10815490782260895,
      "best_epoch": 21,
      "training_time": 0.23145818710327148
    },
    {
      "model_size": "l",
      "seed": 42,
      "num_params": 181507,
      "best_val_loss": 0.018853893503546715,
      "test_loss": 0.02367032878100872,
      "test_mae": 0.1030183881521225,
      "best_epoch": 7,
      "training_time": 0.2114582061767578
    },
    {
      "model_size": "l",
      "seed": 123,
      "num_params": 181507,
      "best_val_loss": 0.020318705588579178,
      "test_loss": 0.030441295355558395,
      "test_mae": 0.1169128343462944,
      "best_epoch": 7,
      "training_time": 0.21605920791625977
    },
    {
      "model_size": "l",
      "seed": 456,
      "num_params": 181507,
      "best_val_loss": 0.0161580853164196,
      "test_loss": 0.027009256184101105,
      "test_mae": 0.11131242662668228,
      "best_epoch": 9,
      "training_time": 0.26058006286621094
    },
    {
      "model_size": "xl",
      "seed": 42,
      "num_params": 723203,
      "best_val_loss": 0.01570090465247631,
      "test_loss": 0.021735582500696182,
      "test_mae": 0.09693855792284012,
      "best_epoch": 12,
      "training_time": 0.5048339366912842
    },
    {
      "model_size": "xl",
      "seed": 123,
      "num_params": 723203,
      "best_val_loss": 0.015064538456499577,
      "test_loss": 0.023463144898414612,
      "test_mae": 0.09110860526561737,
      "best_epoch": 22,
      "training_time": 0.7134270668029785
    },
    {
      "model_size": "xl",
      "seed": 456,
      "num_params": 723203,
      "best_val_loss": 0.014967759139835835,
      "test_loss": 0.02431858517229557,
      "test_mae": 0.10070467740297318,
      "best_epoch": 14,
      "training_time": 0.5513327121734619
    }
  ]
}